{
    "total_runs": 45,
    "total_distance_km": 432.79929542252546,
    "average_distance_km_per_run": 9.617762120500565,
    "max_distance_km_single_run": 23.70106294453591,
    "total_elevation_gain_m": 1496.9000000000058,
    "corrupted_files": []
}