{
    "total_runs": 208,
    "total_distance_km": 1607.40864904266,
    "average_distance_km_per_run": 7.727926197320481,
    "max_distance_km_single_run": 42.429430226625826,
    "total_elevation_gain_m": 12125.200000000012,
    "corrupted_files": []
}